[
{
    "model": "main.teacher",
    "pk": 1,
    "fields": {
        "name": "Микола Котик",
        "age": 45,
        "email": "micola@micola.com",
        "group": 1
    }
},
{
    "model": "main.teacher",
    "pk": 2,
    "fields": {
        "name": "Оксана Тодоренко",
        "age": 36,
        "email": "ksen@ksen.com",
        "group": 4
    }
},
{
    "model": "main.teacher",
    "pk": 3,
    "fields": {
        "name": "Гнат Потапенко",
        "age": 41,
        "email": "gnat@gnat.com",
        "group": 2
    }
},
{
    "model": "main.teacher",
    "pk": 4,
    "fields": {
        "name": "Олександр Яворський",
        "age": 29,
        "email": "javir@javir.com",
        "group": 3
    }
},
{
    "model": "main.teacher",
    "pk": 5,
    "fields": {
        "name": "Оксана Твит",
        "age": 31,
        "email": "oksana@jjj.com",
        "group": 5
    }
},
{
    "model": "main.teacher",
    "pk": 6,
    "fields": {
        "name": "Дмитро Іванов",
        "age": 45,
        "email": "dima@dima.com",
        "group": 6
    }
},
{
    "model": "main.teacher",
    "pk": 7,
    "fields": {
        "name": "Денис Оленик",
        "age": 27,
        "email": "den@gmail.com",
        "group": 11
    }
},
{
    "model": "main.group",
    "pk": 1,
    "fields": {
        "name": "Python",
        "course": 10
    }
},
{
    "model": "main.group",
    "pk": 2,
    "fields": {
        "name": "C",
        "course": 9
    }
},
{
    "model": "main.group",
    "pk": 3,
    "fields": {
        "name": "Java",
        "course": 8
    }
},
{
    "model": "main.group",
    "pk": 4,
    "fields": {
        "name": "JavaScript",
        "course": 3
    }
},
{
    "model": "main.group",
    "pk": 5,
    "fields": {
        "name": "Дизайнери",
        "course": 1
    }
},
{
    "model": "main.group",
    "pk": 6,
    "fields": {
        "name": "Full",
        "course": 7
    }
},
{
    "model": "main.group",
    "pk": 7,
    "fields": {
        "name": "PHP grup",
        "course": 11
    }
},
{
    "model": "main.group",
    "pk": 8,
    "fields": {
        "name": "J",
        "course": 8
    }
},
{
    "model": "main.group",
    "pk": 9,
    "fields": {
        "name": "P",
        "course": 10
    }
},
{
    "model": "main.group",
    "pk": 10,
    "fields": {
        "name": "C# grup",
        "course": null
    }
},
{
    "model": "main.group",
    "pk": 11,
    "fields": {
        "name": "QA",
        "course": 5
    }
},
{
    "model": "main.group",
    "pk": 12,
    "fields": {
        "name": "QA2",
        "course": 5
    }
},
{
    "model": "main.group",
    "pk": 13,
    "fields": {
        "name": "WEB",
        "course": 2
    }
},
{
    "model": "main.student",
    "pk": 1,
    "fields": {
        "name": "Сергій Дорошенко",
        "age": 19,
        "email": "serg@serg.com",
        "group": 1
    }
},
{
    "model": "main.student",
    "pk": 2,
    "fields": {
        "name": "Світлана Іванова",
        "age": 25,
        "email": "sv@sv.com",
        "group": 2
    }
},
{
    "model": "main.student",
    "pk": 3,
    "fields": {
        "name": "Антон Птаха",
        "age": 25,
        "email": "ant@ant.com",
        "group": 3
    }
},
{
    "model": "main.student",
    "pk": 4,
    "fields": {
        "name": "Ольга Орлова",
        "age": 33,
        "email": "oo@oo.com",
        "group": 4
    }
},
{
    "model": "main.student",
    "pk": 5,
    "fields": {
        "name": "Микола Вус",
        "age": 19,
        "email": "vyc@vyc.com",
        "group": 4
    }
},
{
    "model": "main.student",
    "pk": 6,
    "fields": {
        "name": "Генадій Потапчук",
        "age": 18,
        "email": "potap@potap.com",
        "group": 2
    }
},
{
    "model": "main.student",
    "pk": 7,
    "fields": {
        "name": "Семен Могила",
        "age": 32,
        "email": "sem@sem.com",
        "group": 3
    }
},
{
    "model": "main.student",
    "pk": 8,
    "fields": {
        "name": "Ніна Тітова",
        "age": 18,
        "email": "tit@tit.com",
        "group": 4
    }
},
{
    "model": "main.student",
    "pk": 9,
    "fields": {
        "name": "Марія Подоленко",
        "age": 19,
        "email": "mary@mary.com",
        "group": 1
    }
},
{
    "model": "main.student",
    "pk": 10,
    "fields": {
        "name": "Ольга Діброва",
        "age": 27,
        "email": "ooo@dib.com",
        "group": 1
    }
},
{
    "model": "main.student",
    "pk": 11,
    "fields": {
        "name": "Семен Михайленкр",
        "age": 34,
        "email": "miha@miha.com",
        "group": 2
    }
},
{
    "model": "main.student",
    "pk": 12,
    "fields": {
        "name": "Антон Притула",
        "age": 19,
        "email": "anton@ant.com",
        "group": 3
    }
},
{
    "model": "main.student",
    "pk": 13,
    "fields": {
        "name": "Анна Пилипчук",
        "age": 18,
        "email": "ann@ann.com",
        "group": 2
    }
},
{
    "model": "main.student",
    "pk": 14,
    "fields": {
        "name": "Василь Руденко",
        "age": 31,
        "email": "rudenko@gmail.com",
        "group": 2
    }
},
{
    "model": "main.student",
    "pk": 17,
    "fields": {
        "name": "Анна GHT",
        "age": 19,
        "email": "dsd@gmail.com",
        "group": 1
    }
},
{
    "model": "main.student",
    "pk": 18,
    "fields": {
        "name": "Анна Борова",
        "age": 19,
        "email": "dsvsd@gmail.com",
        "group": 1
    }
},
{
    "model": "main.student",
    "pk": 20,
    "fields": {
        "name": "Анна Два",
        "age": 18,
        "email": "dsvghbhsd@gmail.com",
        "group": 1
    }
},
{
    "model": "main.student",
    "pk": 21,
    "fields": {
        "name": "Анна Fyyf",
        "age": 37,
        "email": "fsfefesf@bhggb.com",
        "group": 5
    }
},
{
    "model": "main.student",
    "pk": 22,
    "fields": {
        "name": "Rhjbk пывсыло",
        "age": 19,
        "email": "dsvvvvsd@gmail.com",
        "group": 6
    }
},
{
    "model": "main.student",
    "pk": 23,
    "fields": {
        "name": "вмым выивыи",
        "age": 45,
        "email": "d@gmail.com",
        "group": 9
    }
},
{
    "model": "main.student",
    "pk": 24,
    "fields": {
        "name": "FDNHVL QPHLSLSX",
        "age": 40,
        "email": "email@email.com",
        "group": 1
    }
},
{
    "model": "main.student",
    "pk": 25,
    "fields": {
        "name": "WYLJVG RYEVIEYW",
        "age": 21,
        "email": "RYEVIEYW.WYLJVG@email.com",
        "group": 1
    }
},
{
    "model": "main.student",
    "pk": 26,
    "fields": {
        "name": "HYAGEV NIXIXBXI",
        "age": 55,
        "email": "NIXIXBXI.HYAGEV@email.com",
        "group": 1
    }
},
{
    "model": "main.student",
    "pk": 27,
    "fields": {
        "name": "JRJQLW DQPJBEKO",
        "age": 69,
        "email": "DQPJBEKO.JRJQLW@email.com",
        "group": 1
    }
},
{
    "model": "main.student",
    "pk": 28,
    "fields": {
        "name": "RPPLKA JAFKDNAZ",
        "age": 19,
        "email": "JAFKDNAZ.RPPLKA@email.com",
        "group": 1
    }
},
{
    "model": "main.student",
    "pk": 29,
    "fields": {
        "name": "AYZCSM IZAJKQXF",
        "age": 46,
        "email": "IZAJKQXF.AYZCSM@email.com",
        "group": 1
    }
},
{
    "model": "main.student",
    "pk": 30,
    "fields": {
        "name": "WARPLC LRSRMCFW",
        "age": 23,
        "email": "LRSRMCFW.WARPLC@email.com",
        "group": 1
    }
},
{
    "model": "main.coursecategory",
    "pk": 1,
    "fields": {
        "name": "Програмування"
    }
},
{
    "model": "main.coursecategory",
    "pk": 2,
    "fields": {
        "name": "Тестування"
    }
},
{
    "model": "main.coursecategory",
    "pk": 3,
    "fields": {
        "name": "Дизайн"
    }
},
{
    "model": "main.coursetheses",
    "pk": 1,
    "fields": {
        "name": "Системи керування версіями (git)"
    }
},
{
    "model": "main.coursetheses",
    "pk": 2,
    "fields": {
        "name": "Вивчення HTML та CSS"
    }
},
{
    "model": "main.coursetheses",
    "pk": 3,
    "fields": {
        "name": "Препроцесори CSS (SASS, SCSS, LESS)"
    }
},
{
    "model": "main.coursetheses",
    "pk": 4,
    "fields": {
        "name": "Bootstrap"
    }
},
{
    "model": "main.coursetheses",
    "pk": 5,
    "fields": {
        "name": "Робота з SVG"
    }
},
{
    "model": "main.coursetheses",
    "pk": 6,
    "fields": {
        "name": "Робота з REST API"
    }
},
{
    "model": "main.coursetheses",
    "pk": 7,
    "fields": {
        "name": "Робота з БД (SQL)"
    }
},
{
    "model": "main.coursetheses",
    "pk": 8,
    "fields": {
        "name": "ООП"
    }
},
{
    "model": "main.coursetheses",
    "pk": 9,
    "fields": {
        "name": "Вивчення JavaScript"
    }
},
{
    "model": "main.coursetheses",
    "pk": 10,
    "fields": {
        "name": "Основи HTML, CSS, JS"
    }
},
{
    "model": "main.coursetheses",
    "pk": 11,
    "fields": {
        "name": "Вивчення TypeScript"
    }
},
{
    "model": "main.coursetheses",
    "pk": 12,
    "fields": {
        "name": "JS бібліотеки та фреймворки"
    }
},
{
    "model": "main.coursetheses",
    "pk": 13,
    "fields": {
        "name": "Типи даних"
    }
},
{
    "model": "main.coursetheses",
    "pk": 14,
    "fields": {
        "name": "Функції та класи"
    }
},
{
    "model": "main.coursetheses",
    "pk": 15,
    "fields": {
        "name": "Цикли"
    }
},
{
    "model": "main.coursetheses",
    "pk": 16,
    "fields": {
        "name": "IDE"
    }
},
{
    "model": "main.coursetheses",
    "pk": 17,
    "fields": {
        "name": "Робота з запитами"
    }
},
{
    "model": "main.coursetheses",
    "pk": 18,
    "fields": {
        "name": "Основи синтаксису мови"
    }
},
{
    "model": "main.coursetheses",
    "pk": 19,
    "fields": {
        "name": "Види тестування і проектної документації"
    }
},
{
    "model": "main.coursetheses",
    "pk": 20,
    "fields": {
        "name": "Основним етапам забезпечення якості"
    }
},
{
    "model": "main.coursetheses",
    "pk": 21,
    "fields": {
        "name": "Баг-трекінгові системи"
    }
},
{
    "model": "main.coursetheses",
    "pk": 22,
    "fields": {
        "name": "Tестування Web сервіси і API"
    }
},
{
    "model": "main.coursetheses",
    "pk": 23,
    "fields": {
        "name": "Синтаксис мови програмування Java"
    }
},
{
    "model": "main.coursetheses",
    "pk": 24,
    "fields": {
        "name": "Юніт, інтеграційні та системні тести"
    }
},
{
    "model": "main.coursetheses",
    "pk": 25,
    "fields": {
        "name": "Шаблони проектування, які зустрічаються в автоматизації"
    }
},
{
    "model": "main.coursetheses",
    "pk": 26,
    "fields": {
        "name": "Синтаксис і базові інструменти мови програмування Python"
    }
},
{
    "model": "main.coursetheses",
    "pk": 27,
    "fields": {
        "name": "Типографія та основи теорії кольору"
    }
},
{
    "model": "main.coursetheses",
    "pk": 28,
    "fields": {
        "name": "Figma"
    }
},
{
    "model": "main.coursetheses",
    "pk": 29,
    "fields": {
        "name": "Adobe Photoshop"
    }
},
{
    "model": "main.coursetheses",
    "pk": 30,
    "fields": {
        "name": "UX Design"
    }
},
{
    "model": "main.coursetheses",
    "pk": 31,
    "fields": {
        "name": "UI Design"
    }
},
{
    "model": "main.course",
    "pk": 1,
    "fields": {
        "name": "Дизайн",
        "description": "курсу.  Тут має бути опис курсу.  Тут має бути опис курсу. Тут має бути опис курсу.  Тут має бути опис курсу.  Тут має бути опис курсу.",
        "image": "course/1/1459372.jpg",
        "category": 3,
        "created_at": "2022-11-05T19:43:41.550Z",
        "updated_at": "2022-11-05T19:43:41.561Z",
        "course_theses": [
            27,
            28,
            29,
            30,
            31
        ],
        "teacher": [
            5
        ]
    }
},
{
    "model": "main.course",
    "pk": 2,
    "fields": {
        "name": "Front-end Basic",
        "description": "Front-endBasic. Тут має бути опис курсу.  Тут має бути опис курсу.  Тут має бути опис курсу. Тут має бути опис курсу.  Тут має бути опис курсу.  Тут має бути опис курсу. Тут має бути опис курсу. Тут має бути опис курсу.  Тут має бути опис курсу.  Тут має бути опис курсу. Тут має бути опис курсу.  Тут має бути опис курсу.  Тут має бути опис курсу.",
        "image": "course/2/1562688808.png",
        "category": 1,
        "created_at": "2022-11-05T19:43:41.550Z",
        "updated_at": "2022-11-05T19:43:41.561Z",
        "course_theses": [
            2,
            3,
            4,
            10
        ],
        "teacher": [
            2,
            3
        ]
    }
},
{
    "model": "main.course",
    "pk": 3,
    "fields": {
        "name": "Front-end Pro",
        "description": "Front-end Pro. Front-end Proу.  Тут має бути опис курсу.  Тут має бути опис курсу. Тут має бути опис курсу.  Тут має бути опис курсу.  Тут має бути опис курсу.",
        "image": "course/3/0.jpg",
        "category": 1,
        "created_at": "2022-11-05T19:43:41.550Z",
        "updated_at": "2022-11-05T19:43:41.561Z",
        "course_theses": [
            1,
            5,
            6,
            9,
            10,
            11,
            12
        ],
        "teacher": [
            2,
            3
        ]
    }
},
{
    "model": "main.course",
    "pk": 4,
    "fields": {
        "name": "QA Manual 1",
        "description": "Тут має бути опис курсу. Тут має бути опис курсу.  Тут має бути опис курсу.  Тут має бути опис курсу. Тут має бути опис курсу.  Тут має бути опис курсу.  Тут має бути опис курсу. Тут має бути опис курсу. Тут має бути опис курсу.  Тут має бути опис курсу.  Тут має бути опис курсу. Тут має бути опис курсу.  Тут має бути опис курсу.  Тут має бути опис курсу. Тут має бути опис курсу. Тут має бути опис курсу.  Тут має бути опис курсу.  Тут має бути опис курсу. Тут має бути опис курсу.  Тут має бути опис курсу.  Тут має бути опис курсу.",
        "image": "course/4/_42256-1447.jpg",
        "category": 2,
        "created_at": "2022-11-05T19:43:41.550Z",
        "updated_at": "2022-11-05T19:43:41.561Z",
        "course_theses": [
            10,
            19,
            20,
            21,
            22
        ],
        "teacher": [
            7
        ]
    }
},
{
    "model": "main.course",
    "pk": 5,
    "fields": {
        "name": "QA Automation",
        "description": "Тут має бути опис курсу. Тут має бути опис курсу.  Тут має бути опис курсу.  Тут має бути опис курсу. Тут має бути опис курсу.  Тут має бути опис курсу.  Тут має бути опис курсу. Тут має бути опис курсу. Тут має бути опис курсу.  Тут має бути опис курсу.  Тут має бути опис курсу. Тут має бути опис курсу.  Тут має бути опис курсу.",
        "image": "course/5/1524833802_problem-3303396_960_720.png",
        "category": 2,
        "created_at": "2022-11-05T19:43:41.550Z",
        "updated_at": "2022-11-05T19:43:41.561Z",
        "course_theses": [
            3,
            23,
            24,
            25
        ],
        "teacher": [
            7
        ]
    }
},
{
    "model": "main.course",
    "pk": 6,
    "fields": {
        "name": "QA Automation — Python",
        "description": "Тут має бути опис курсу. Тут має бути опис курсу.  Тут має бути опис курсу.  Тут має бути опис курсу. Тут має бути опис курсу.  Тут має бути опис курсу.  Тут має бути опис курсу. Тут має бути опис курсу. Тут має бути опис курсу.  Тут має бути опис курсу.  Тут має бути опис курсу. Тут має бути опис курсу.  Тут має бути опис курсу.  Тут має бути опис курсу.",
        "image": "course/6/1524833802_problem-3303396_960_720.png",
        "category": 2,
        "created_at": "2022-11-05T19:43:41.550Z",
        "updated_at": "2022-11-05T19:43:41.561Z",
        "course_theses": [
            24,
            25,
            26
        ],
        "teacher": [
            7
        ]
    }
},
{
    "model": "main.course",
    "pk": 7,
    "fields": {
        "name": "Fullstack",
        "description": "Тут має бути опис курсу. Тут має бути опис курсу.  Тут має бути опис курсу.  Тут має бути опис курсу. Тут має бути опис курсу.  Тут має бути опис курсу.  Тут має бути опис курсу. Тут має бути опис курсу. Тут має бути опис курсу.  Тут має бути опис курсу.  Тут має бути опис курсу. Тут має бути опис курсу.  Тут має бути опис курсу.  Тут має бути опис курсу. Тут має бути опис курсу. Тут має бути опис курсу.  Тут має бути опис курсу.  Тут має бути опис курсу. Тут має бути опис курсу.  Тут має бути опис курсу.  Тут має бути опис курсу. Тут має бути опис курсу. Тут має бути опис курсу.  Тут має бути опис курсу.  Тут має бути опис курсу. Тут має бути опис курсу.  Тут має бути опис курсу.  Тут має бути опис курсу. Тут має бути опис курсу. Тут має бути опис курсу.  Тут має бути опис курсу.  Тут має бути опис курсу. Тут має бути опис курсу.  Тут має бути опис курсу.  Тут має бути опис курсу.",
        "image": "course/7/2f9dc9b0.jfif",
        "category": 1,
        "created_at": "2022-11-05T19:43:41.550Z",
        "updated_at": "2022-11-05T19:43:41.561Z",
        "course_theses": [
            1,
            6,
            7,
            8,
            10,
            11,
            12,
            16,
            17
        ],
        "teacher": [
            2,
            6
        ]
    }
},
{
    "model": "main.course",
    "pk": 8,
    "fields": {
        "name": "Java",
        "description": "Тут має бути опис курсу. Тут має бути опис курсу.  Тут має бути опис курсу.  Тут має бути опис курсу. Тут має бути опис курсу.  Тут має бути опис курсу.  Тут має бути опис курсу. Тут має бути опис курсу. Тут має бути опис курсу.  Тут має бути опис курсу.  Тут має бути опис курсу. Тут має бути опис курсу.  Тут має бути опис курсу.  Тут має бути опис курсу. Тут має бути опис курсу. Тут має бути опис курсу.  Тут має бути опис курсу.  Тут має бути опис курсу. Тут має бути опис курсу.  Тут має бути опис курсу.  Тут має бути опис курсу.",
        "image": "course/8/3.png",
        "category": 1,
        "created_at": "2022-11-05T19:43:41.550Z",
        "updated_at": "2022-11-05T19:43:41.561Z",
        "course_theses": [
            1,
            6,
            7,
            8,
            13,
            14,
            15,
            16,
            17,
            18
        ],
        "teacher": [
            4
        ]
    }
},
{
    "model": "main.course",
    "pk": 9,
    "fields": {
        "name": "C",
        "description": "Тут має бути опис курсу. Тут має бути опис курсу.  Тут має бути опис курсу.  Тут має бути опис курсу. Тут має бути опис курсу.  Тут має бути опис курсу.  Тут має бути опис курсу. Тут має бути опис курсу. Тут має бути опис курсу.  Тут має бути опис курсу.  Тут має бути опис курсу. Тут має бути опис курсу.  Тут має бути опис курсу.  Тут має бути опис курсу. Тут має бути опис курсу. Тут має бути опис курсу.  Тут має бути опис курсу.  Тут має бути опис курсу. Тут має бути опис курсу.  Тут має бути опис курсу.  Тут має бути опис курсу. Тут має бути опис курсу. Тут має бути опис курсу.  Тут має бути опис курсу.  Тут має бути опис курсу. Тут має бути опис курсу.  Тут має бути опис курсу.  Тут має бути опис курсу.",
        "image": "course/9/brown-dry-soil-background.jpg",
        "category": 1,
        "created_at": "2022-11-05T19:43:41.550Z",
        "updated_at": "2022-11-05T19:43:41.561Z",
        "course_theses": [
            1,
            6,
            8,
            13,
            14,
            15,
            18
        ],
        "teacher": [
            3
        ]
    }
},
{
    "model": "main.course",
    "pk": 10,
    "fields": {
        "name": "Python",
        "description": "Тут має бути опис курсу. Тут має бути опис курсу.  Тут має бути опис курсу.  Тут має бути опис курсу. Тут має бути опис курсу.  Тут має бути опис курсу.  Тут має бути опис курсу.Тут має бути опис курсу. Тут має бути опис курсу.  Тут має бути опис курсу.  Тут має бути опис курсу. Тут має бути опис курсу.  Тут має бути опис курсу.  Тут має бути опис курсу.",
        "image": "course/10/fone_4.png",
        "category": 1,
        "created_at": "2022-11-05T19:43:41.550Z",
        "updated_at": "2022-11-05T19:43:41.561Z",
        "course_theses": [
            1,
            7,
            8,
            10,
            13,
            14,
            15,
            16,
            17,
            18
        ],
        "teacher": [
            1
        ]
    }
},
{
    "model": "main.course",
    "pk": 11,
    "fields": {
        "name": "PHP",
        "description": "Тут має бути опис курсу. Тут має бути опис курсу.  Тут має бути опис курсу.  Тут має бути опис курсу. Тут має бути опис курсу.  Тут має бути опис курсу.  Тут має бути опис курсу. Тут має бути опис курсу. Тут має бути опис курсу.  Тут має бути опис курсу.  Тут має бути опис курсу. Тут має бути опис курсу.  Тут має бути опис курсу.  Тут має бути опис курсу.",
        "image": "course/11/depositphotos.jpg",
        "category": 1,
        "created_at": "2022-11-05T19:43:41.550Z",
        "updated_at": "2022-11-05T19:43:41.561Z",
        "course_theses": [
            1,
            7,
            8,
            10,
            13,
            14,
            15,
            16,
            17
        ],
        "teacher": [
            6
        ]
    }
},
{
    "model": "main.course",
    "pk": 13,
    "fields": {
        "name": "dvsdv",
        "description": "x vxvdsfv",
        "image": "course/None/2f9dc9b0.jfif",
        "category": 1,
        "created_at": "2022-11-05T19:43:41.550Z",
        "updated_at": "2022-11-05T19:43:41.561Z",
        "course_theses": [
            2,
            3
        ],
        "teacher": [
            7
        ]
    }
},
{
    "model": "main.course",
    "pk": 14,
    "fields": {
        "name": "Pyt",
        "description": "fdvgsdg",
        "image": "course/None/1459372.jpg",
        "category": 2,
        "created_at": "2022-11-05T19:43:41.550Z",
        "updated_at": "2022-11-05T19:43:41.561Z",
        "course_theses": [
            13
        ],
        "teacher": [
            7
        ]
    }
},
{
    "model": "main.course",
    "pk": 18,
    "fields": {
        "name": "ghfj ygtybuty",
        "description": "tyhjty",
        "image": "course/None/0_9OpcbaD.jpg",
        "category": 2,
        "created_at": "2022-11-05T21:04:52.503Z",
        "updated_at": "2022-11-05T21:04:52.564Z",
        "course_theses": [
            3
        ],
        "teacher": [
            3
        ]
    }
},
{
    "model": "main.course",
    "pk": 46,
    "fields": {
        "name": "NTIE",
        "description": "VNRFQQSOQTJHBZHZRGZM",
        "image": "",
        "category": 1,
        "created_at": "2022-11-05T22:31:41.333Z",
        "updated_at": "2022-11-05T22:31:41.333Z",
        "course_theses": [
            1
        ],
        "teacher": [
            1
        ]
    }
},
{
    "model": "main.course",
    "pk": 47,
    "fields": {
        "name": "JBAJ",
        "description": "QFGCDMUCLQRTDKHFBZBK",
        "image": "",
        "category": 1,
        "created_at": "2022-11-05T22:31:41.365Z",
        "updated_at": "2022-11-05T22:31:41.365Z",
        "course_theses": [
            1
        ],
        "teacher": [
            1
        ]
    }
},
{
    "model": "main.course",
    "pk": 48,
    "fields": {
        "name": "UJTP",
        "description": "VKFFQQVTNPKSMIIDJNUV",
        "image": "",
        "category": 1,
        "created_at": "2022-11-05T22:32:14.234Z",
        "updated_at": "2022-11-05T22:32:14.235Z",
        "course_theses": [
            1
        ],
        "teacher": [
            1
        ]
    }
},
{
    "model": "main.course",
    "pk": 49,
    "fields": {
        "name": "DUAM",
        "description": "IYEBCOKGCORICHGKZICM",
        "image": "",
        "category": 1,
        "created_at": "2022-11-05T22:32:14.249Z",
        "updated_at": "2022-11-05T22:32:14.249Z",
        "course_theses": [
            1
        ],
        "teacher": [
            1
        ]
    }
}
]
