[
{
    "model": "main.teacher",
    "pk": 1,
    "fields": {
        "name": "Mikola Kotik",
        "age": 45,
        "email": "micola@micola.com",
        "group": 1
    }
},
{
    "model": "main.teacher",
    "pk": 2,
    "fields": {
        "name": "Oksana Todorenko",
        "age": 36,
        "email": "ksen@ksen.com",
        "group": 4
    }
},
{
    "model": "main.teacher",
    "pk": 3,
    "fields": {
        "name": "Gnat Potapenko",
        "age": 41,
        "email": "gnat@gnat.com",
        "group": 2
    }
},
{
    "model": "main.teacher",
    "pk": 4,
    "fields": {
        "name": "Oleksandr Javorskii",
        "age": 29,
        "email": "javir@javir.com",
        "group": 3
    }
},
{
    "model": "main.teacher",
    "pk": 5,
    "fields": {
        "name": "Oksana Tvit",
        "age": 31,
        "email": "oksana@jjj.com",
        "group": 5
    }
},
{
    "model": "main.teacher",
    "pk": 6,
    "fields": {
        "name": "Dmitro Ivanov",
        "age": 45,
        "email": "dima@dima.com",
        "group": 6
    }
},
{
    "model": "main.teacher",
    "pk": 7,
    "fields": {
        "name": "Denis Olenik",
        "age": 27,
        "email": "den@gmail.com",
        "group": 11
    }
},
{
    "model": "main.group",
    "pk": 1,
    "fields": {
        "name": "Python",
        "course": 10
    }
},
{
    "model": "main.group",
    "pk": 2,
    "fields": {
        "name": "C",
        "course": 9
    }
},
{
    "model": "main.group",
    "pk": 3,
    "fields": {
        "name": "Java",
        "course": 8
    }
},
{
    "model": "main.group",
    "pk": 4,
    "fields": {
        "name": "JavaScript",
        "course": 3
    }
},
{
    "model": "main.group",
    "pk": 5,
    "fields": {
        "name": "Designers",
        "course": 1
    }
},
{
    "model": "main.group",
    "pk": 6,
    "fields": {
        "name": "Full",
        "course": 7
    }
},
{
    "model": "main.group",
    "pk": 7,
    "fields": {
        "name": "PHP grup",
        "course": 11
    }
},
{
    "model": "main.group",
    "pk": 8,
    "fields": {
        "name": "J",
        "course": 8
    }
},
{
    "model": "main.group",
    "pk": 9,
    "fields": {
        "name": "P",
        "course": 10
    }
},
{
    "model": "main.group",
    "pk": 10,
    "fields": {
        "name": "C# grup",
        "course": null
    }
},
{
    "model": "main.group",
    "pk": 11,
    "fields": {
        "name": "QA",
        "course": 5
    }
},
{
    "model": "main.group",
    "pk": 12,
    "fields": {
        "name": "QA2",
        "course": 5
    }
},
{
    "model": "main.group",
    "pk": 13,
    "fields": {
        "name": "WEB",
        "course": 2
    }
},
{
    "model": "main.student",
    "pk": 1,
    "fields": {
        "name": "Sergii Doroschenko",
        "age": 19,
        "email": "serg@serg.com",
        "group": 1
    }
},
{
    "model": "main.student",
    "pk": 2,
    "fields": {
        "name": "Svitlana Ivanova",
        "age": 25,
        "email": "sv@sv.com",
        "group": 2
    }
},
{
    "model": "main.student",
    "pk": 3,
    "fields": {
        "name": "Anton Ptacha",
        "age": 25,
        "email": "ant@ant.com",
        "group": 3
    }
},
{
    "model": "main.student",
    "pk": 4,
    "fields": {
        "name": "Olha Orlova",
        "age": 33,
        "email": "oo@oo.com",
        "group": 4
    }
},
{
    "model": "main.student",
    "pk": 5,
    "fields": {
        "name": "Mikola Vus",
        "age": 19,
        "email": "vyc@vyc.com",
        "group": 4
    }
},
{
    "model": "main.student",
    "pk": 6,
    "fields": {
        "name": "Genadii Potapchuk",
        "age": 18,
        "email": "potap@potap.com",
        "group": 2
    }
},
{
    "model": "main.student",
    "pk": 7,
    "fields": {
        "name": "Semen Mogila",
        "age": 32,
        "email": "sem@sem.com",
        "group": 3
    }
},
{
    "model": "main.student",
    "pk": 8,
    "fields": {
        "name": "Nina Titova",
        "age": 18,
        "email": "tit@tit.com",
        "group": 4
    }
},
{
    "model": "main.student",
    "pk": 9,
    "fields": {
        "name": "Marija Podolenko",
        "age": 19,
        "email": "mary@mary.com",
        "group": 1
    }
},
{
    "model": "main.student",
    "pk": 10,
    "fields": {
        "name": "Olha Dibrova",
        "age": 27,
        "email": "ooo@dib.com",
        "group": 1
    }
},
{
    "model": "main.student",
    "pk": 11,
    "fields": {
        "name": "Semen Michailenko",
        "age": 34,
        "email": "miha@miha.com",
        "group": 2
    }
},
{
    "model": "main.student",
    "pk": 12,
    "fields": {
        "name": "Anton Pritula",
        "age": 19,
        "email": "anton@ant.com",
        "group": 3
    }
},
{
    "model": "main.student",
    "pk": 13,
    "fields": {
        "name": "Anna Pilipchuk",
        "age": 18,
        "email": "ann@ann.com",
        "group": 2
    }
},
{
    "model": "main.student",
    "pk": 14,
    "fields": {
        "name": "Vasil Rudenko",
        "age": 31,
        "email": "rudenko@gmail.com",
        "group": 2
    }
},
{
    "model": "main.student",
    "pk": 17,
    "fields": {
        "name": "Anna GHT",
        "age": 19,
        "email": "dsd@gmail.com",
        "group": 1
    }
},
{
    "model": "main.student",
    "pk": 18,
    "fields": {
        "name": "Anna Borova",
        "age": 19,
        "email": "dsvsd@gmail.com",
        "group": 1
    }
},
{
    "model": "main.student",
    "pk": 20,
    "fields": {
        "name": "Anna Dva",
        "age": 18,
        "email": "dsvghbhsd@gmail.com",
        "group": 1
    }
},
{
    "model": "main.student",
    "pk": 24,
    "fields": {
        "name": "FDNHVL QPHLSLSX",
        "age": 40,
        "email": "email@email.com",
        "group": 1
    }
},
{
    "model": "main.student",
    "pk": 25,
    "fields": {
        "name": "WYLJVG RYEVIEYW",
        "age": 21,
        "email": "RYEVIEYW.WYLJVG@email.com",
        "group": 1
    }
},
{
    "model": "main.student",
    "pk": 26,
    "fields": {
        "name": "HYAGEV NIXIXBXI",
        "age": 55,
        "email": "NIXIXBXI.HYAGEV@email.com",
        "group": 1
    }
},
{
    "model": "main.student",
    "pk": 27,
    "fields": {
        "name": "JRJQLW DQPJBEKO",
        "age": 69,
        "email": "DQPJBEKO.JRJQLW@email.com",
        "group": 1
    }
},
{
    "model": "main.student",
    "pk": 28,
    "fields": {
        "name": "RPPLKA JAFKDNAZ",
        "age": 19,
        "email": "JAFKDNAZ.RPPLKA@email.com",
        "group": 1
    }
},
{
    "model": "main.student",
    "pk": 29,
    "fields": {
        "name": "AYZCSM IZAJKQXF",
        "age": 46,
        "email": "IZAJKQXF.AYZCSM@email.com",
        "group": 1
    }
},
{
    "model": "main.student",
    "pk": 30,
    "fields": {
        "name": "WARPLC LRSRMCFW",
        "age": 23,
        "email": "LRSRMCFW.WARPLC@email.com",
        "group": 1
    }
},
{
    "model": "main.coursecategory",
    "pk": 1,
    "fields": {
        "name": "Programming"
    }
},
{
    "model": "main.coursecategory",
    "pk": 2,
    "fields": {
        "name": "Testing"
    }
},
{
    "model": "main.coursecategory",
    "pk": 3,
    "fields": {
        "name": "Design"
    }
},
{
    "model": "main.coursetheses",
    "pk": 1,
    "fields": {
        "name": "Version control systems (git)"
    }
},
{
    "model": "main.coursetheses",
    "pk": 2,
    "fields": {
        "name": "Learning HTML and CSS"
    }
},
{
    "model": "main.coursetheses",
    "pk": 3,
    "fields": {
        "name": "CSS preprocessors (SASS, SCSS, LESS)"
    }
},
{
    "model": "main.coursetheses",
    "pk": 4,
    "fields": {
        "name": "Bootstrap"
    }
},
{
    "model": "main.coursetheses",
    "pk": 5,
    "fields": {
        "name": "Working with SVG"
    }
},
{
    "model": "main.coursetheses",
    "pk": 6,
    "fields": {
        "name": "Working with REST APIs"
    }
},
{
    "model": "main.coursetheses",
    "pk": 7,
    "fields": {
        "name": "Working with databases (SQL)"
    }
},
{
    "model": "main.coursetheses",
    "pk": 8,
    "fields": {
        "name": "OOP"
    }
},
{
    "model": "main.coursetheses",
    "pk": 9,
    "fields": {
        "name": "Learning JavaScript"
    }
},
{
    "model": "main.coursetheses",
    "pk": 10,
    "fields": {
        "name": "Basics of HTML, CSS, JS"
    }
},
{
    "model": "main.coursetheses",
    "pk": 11,
    "fields": {
        "name": "Learning TypeScript"
    }
},
{
    "model": "main.coursetheses",
    "pk": 12,
    "fields": {
        "name": "JS libraries and frameworks"
    }
},
{
    "model": "main.coursetheses",
    "pk": 13,
    "fields": {
        "name": "Data types"
    }
},
{
    "model": "main.coursetheses",
    "pk": 14,
    "fields": {
        "name": "Functions and classes"
    }
},
{
    "model": "main.coursetheses",
    "pk": 15,
    "fields": {
        "name": "Cycles"
    }
},
{
    "model": "main.coursetheses",
    "pk": 16,
    "fields": {
        "name": "IDE"
    }
},
{
    "model": "main.coursetheses",
    "pk": 17,
    "fields": {
        "name": "Work with requests"
    }
},
{
    "model": "main.coursetheses",
    "pk": 18,
    "fields": {
        "name": "Fundamentals of language syntax"
    }
},
{
    "model": "main.coursetheses",
    "pk": 19,
    "fields": {
        "name": "Types of testing and project documentation"
    }
},
{
    "model": "main.coursetheses",
    "pk": 20,
    "fields": {
        "name": "The main stages of quality assurance"
    }
},
{
    "model": "main.coursetheses",
    "pk": 21,
    "fields": {
        "name": "Bug-tracking systems"
    }
},
{
    "model": "main.coursetheses",
    "pk": 22,
    "fields": {
        "name": "Web services and API testing"
    }
},
{
    "model": "main.coursetheses",
    "pk": 23,
    "fields": {
        "name": "The syntax of the Java programming language"
    }
},
{
    "model": "main.coursetheses",
    "pk": 24,
    "fields": {
        "name": "Unit, integration and system tests"
    }
},
{
    "model": "main.coursetheses",
    "pk": 25,
    "fields": {
        "name": "Design patterns found in automation"
    }
},
{
    "model": "main.coursetheses",
    "pk": 26,
    "fields": {
        "name": "Syntax and basic tools of the Python programming language"
    }
},
{
    "model": "main.coursetheses",
    "pk": 27,
    "fields": {
        "name": "Typography and basics of color theory"
    }
},
{
    "model": "main.coursetheses",
    "pk": 28,
    "fields": {
        "name": "Figma"
    }
},
{
    "model": "main.coursetheses",
    "pk": 29,
    "fields": {
        "name": "Adobe Photoshop"
    }
},
{
    "model": "main.coursetheses",
    "pk": 30,
    "fields": {
        "name": "UX Design"
    }
},
{
    "model": "main.coursetheses",
    "pk": 31,
    "fields": {
        "name": "UI Design"
    }
},
{
    "model": "main.course",
    "pk": 1,
    "fields": {
        "name": "Design",
        "description": "There should be a description of the course. There should be a description of the course. There should be a description of the course. There should be a description of the course. There should be a description of the course.",
        "image": "course/1/1459372.jpg",
        "category": 3,
        "created_at": "2022-11-05T19:43:41.550Z",
        "updated_at": "2022-11-20T12:04:27.935Z",
        "course_theses": [
            27,
            28,
            29,
            30,
            31
        ],
        "teacher": [
            5
        ]
    }
},
{
    "model": "main.course",
    "pk": 2,
    "fields": {
        "name": "Front-end Basic",
        "description": "There should be a description of the course. There should be a description of the course. There should be a description of the course. There should be a description of the course.There should be a description of the course. There should be a description of the course. There should be a description of the course.",
        "image": "course/2/1562688808.png",
        "category": 1,
        "created_at": "2022-11-05T19:43:41.550Z",
        "updated_at": "2022-11-20T12:04:19.725Z",
        "course_theses": [
            2,
            3,
            4,
            10
        ],
        "teacher": [
            2,
            3
        ]
    }
},
{
    "model": "main.course",
    "pk": 3,
    "fields": {
        "name": "Front-end Pro",
        "description": "There should be a description of the course. There should be a description of the course.There should be a description of the course.There should be a description of the course. There should be a description of the course.",
        "image": "course/3/0.jpg",
        "category": 1,
        "created_at": "2022-11-05T19:43:41.550Z",
        "updated_at": "2022-11-20T12:03:54.854Z",
        "course_theses": [
            1,
            5,
            6,
            9,
            10,
            11,
            12
        ],
        "teacher": [
            2,
            3
        ]
    }
},
{
    "model": "main.course",
    "pk": 4,
    "fields": {
        "name": "QA Manual 1",
        "description": "There should be a description of the course. There should be a description of the course. There should be a description of the course.",
        "image": "course/4/_42256-1447.jpg",
        "category": 2,
        "created_at": "2022-11-05T19:43:41.550Z",
        "updated_at": "2022-11-20T12:03:44.364Z",
        "course_theses": [
            10,
            19,
            20,
            21,
            22
        ],
        "teacher": [
            7
        ]
    }
},
{
    "model": "main.course",
    "pk": 5,
    "fields": {
        "name": "QA Automation",
        "description": "There should be a description of the course.",
        "image": "course/5/1524833802_problem-3303396_960_720.png",
        "category": 2,
        "created_at": "2022-11-05T19:43:41.550Z",
        "updated_at": "2022-11-20T12:03:35.473Z",
        "course_theses": [
            3,
            23,
            24,
            25
        ],
        "teacher": [
            7
        ]
    }
},
{
    "model": "main.course",
    "pk": 6,
    "fields": {
        "name": "QA Automation Python",
        "description": "There should be a description of the course. There should be a description of the course. There should be a description of the course. There should be a description of the course.",
        "image": "course/6/1524833802_problem-3303396_960_720.png",
        "category": 2,
        "created_at": "2022-11-05T19:43:41.550Z",
        "updated_at": "2022-11-20T12:03:26.097Z",
        "course_theses": [
            24,
            25,
            26
        ],
        "teacher": [
            7
        ]
    }
},
{
    "model": "main.course",
    "pk": 7,
    "fields": {
        "name": "Fullstack",
        "description": "There should be a description of the course. There should be a description of the course. There should be a description of the course. There should be a description of the course. There should be a description of the course. There should be a description of the course. There should be a description of the course.There should be a description of the course.There should be a description of the course.There should be a description of the course.There should be a description of the course.There should be a description of the course. There should be a description of the course.There should be a description of the course. There should be a description of the course. There should be a description of the course. There should be a description of the course. There should be a description of the course. There should be a description of the course.",
        "image": "course/7/2f9dc9b0.jfif",
        "category": 1,
        "created_at": "2022-11-05T19:43:41.550Z",
        "updated_at": "2022-11-20T12:03:01.197Z",
        "course_theses": [
            1,
            6,
            7,
            8,
            10,
            11,
            12,
            16,
            17
        ],
        "teacher": [
            2,
            6
        ]
    }
},
{
    "model": "main.course",
    "pk": 8,
    "fields": {
        "name": "Java",
        "description": "There should be a description of the course. There should be a description of the course.There should be a description of the course. There should be a description of the course. There should be a description of the course.",
        "image": "course/8/3.png",
        "category": 1,
        "created_at": "2022-11-05T19:43:41.550Z",
        "updated_at": "2022-11-20T12:02:36.281Z",
        "course_theses": [
            1,
            6,
            7,
            8,
            13,
            14,
            15,
            16,
            17,
            18
        ],
        "teacher": [
            4
        ]
    }
},
{
    "model": "main.course",
    "pk": 9,
    "fields": {
        "name": "C",
        "description": "There should be a description of the course. There should be a description of the course. There should be a description of the course. There should be a description of the course. There should be a description of the course. There should be a description of the course. There should be a description of the course. There should be a description of the course. There should be a description of the course. There should be a description of the course. There should be a description of the course. There should be a description of the course.",
        "image": "course/9/brown-dry-soil-background.jpg",
        "category": 1,
        "created_at": "2022-11-05T19:43:41.550Z",
        "updated_at": "2022-11-20T12:02:18.361Z",
        "course_theses": [
            1,
            6,
            8,
            13,
            14,
            15,
            18
        ],
        "teacher": [
            3
        ]
    }
},
{
    "model": "main.course",
    "pk": 10,
    "fields": {
        "name": "Python",
        "description": "There should be a description of the course. There should be a description of the course. There should be a description of the course.There should be a description of the course. There should be a description of the course. There should be a description of the course. There should be a description of the course. There should be a description of the course.",
        "image": "course/10/fone_4.png",
        "category": 1,
        "created_at": "2022-11-05T19:43:41.550Z",
        "updated_at": "2022-11-20T12:01:59.434Z",
        "course_theses": [
            1,
            7,
            8,
            10,
            13,
            14,
            15,
            16,
            17,
            18
        ],
        "teacher": [
            1
        ]
    }
},
{
    "model": "main.course",
    "pk": 11,
    "fields": {
        "name": "PHP",
        "description": "There should be a description of the course. There should be a description of the course. There should be a description of the course.",
        "image": "course/11/depositphotos.jpg",
        "category": 1,
        "created_at": "2022-11-05T19:43:41.550Z",
        "updated_at": "2022-11-20T12:01:37.910Z",
        "course_theses": [
            1,
            7,
            8,
            10,
            13,
            14,
            15,
            16,
            17
        ],
        "teacher": [
            6
        ]
    }
},
{
    "model": "main.course",
    "pk": 13,
    "fields": {
        "name": "dvsdv",
        "description": "x vxvdsfv",
        "image": "course/None/2f9dc9b0.jfif",
        "category": 1,
        "created_at": "2022-11-05T19:43:41.550Z",
        "updated_at": "2022-11-05T19:43:41.561Z",
        "course_theses": [
            2,
            3
        ],
        "teacher": [
            7
        ]
    }
},
{
    "model": "main.course",
    "pk": 14,
    "fields": {
        "name": "Pyt",
        "description": "fdvgsdg",
        "image": "course/None/1459372.jpg",
        "category": 2,
        "created_at": "2022-11-05T19:43:41.550Z",
        "updated_at": "2022-11-05T19:43:41.561Z",
        "course_theses": [
            13
        ],
        "teacher": [
            7
        ]
    }
},
{
    "model": "main.course",
    "pk": 18,
    "fields": {
        "name": "ghfj ygtybuty",
        "description": "tyhjty",
        "image": "course/None/0_9OpcbaD.jpg",
        "category": 2,
        "created_at": "2022-11-05T21:04:52.503Z",
        "updated_at": "2022-11-05T21:04:52.564Z",
        "course_theses": [
            3
        ],
        "teacher": [
            3
        ]
    }
},
{
    "model": "main.course",
    "pk": 46,
    "fields": {
        "name": "NTIE",
        "description": "VNRFQQSOQTJHBZHZRGZM",
        "image": "",
        "category": 1,
        "created_at": "2022-11-05T22:31:41.333Z",
        "updated_at": "2022-11-05T22:31:41.333Z",
        "course_theses": [
            1
        ],
        "teacher": [
            1
        ]
    }
},
{
    "model": "main.course",
    "pk": 47,
    "fields": {
        "name": "JBAJ",
        "description": "QFGCDMUCLQRTDKHFBZBK",
        "image": "",
        "category": 1,
        "created_at": "2022-11-05T22:31:41.365Z",
        "updated_at": "2022-11-05T22:31:41.365Z",
        "course_theses": [
            1
        ],
        "teacher": [
            1
        ]
    }
}
]
